Method,Macro F1,Micro F1,Pair F1,Avg F1
Baseline K-Means,0.7186852451390472,0.5352044403330249,0.2467225054624909,0.5002040636448543
Keyphrase Expansion,0.7216829273339285,0.537775718257646,0.21908684602576464,0.49284849720577967
Pairwise Constraint K-Means,0.6951830356037839,0.5078903036238982,0.2098151449751337,0.4709628280676053
LLM Correction,0.7196044031296058,0.5392007400555041,0.22926065739802964,0.4960219335277132
